[
{"bit_blasted_port_style":"%s_%d",
"boundary_optimize_invert_hier_pins":"false",
"boundary_optimize_invert_hier_pins_renaming_extension":"_BAR",
"delete_unloaded_insts":"true",
"delete_unloaded_seqs":"true",
"driver_for_unloaded_hier_pins":"Z",
"has_resized_timing_model":"false",
"hdl_array_naming_style":"%s[%d]",
"hdl_create_label_for_unlabeled_generate":"true",
"hdl_cse_for_registers":"false",
"hdl_flatten_complex_port":"false",
"hdl_generate_index_style":"%s[%d]",
"hdl_generate_separator":".",
"hdl_instance_array_naming_style":"%s[%d]",
"hdl_interface_separator":"_",
"hdl_keep_first_module_definition":"false",
"hdl_latch_keep_feedback":"false",
"hdl_max_loop_limit":"1024",
"hdl_parameter_naming_style":"_%s%d",
"hdl_preserve_unused_flop":"false",
"hdl_preserve_unused_latch":"false",
"hdl_record_naming_style":"%s[%s]",
"hdl_reg_naming_style":"%s_reg%s",
"init_hdl_search_path":"../rtl",
"hdl_unconnected_input_port_value":"none",
"hdl_undriven_output_port_value":"none",
"hdl_undriven_signal_value":"none",
"hdl_use_block_prefix":"true",
"hdl_use_current_dir_before_hdl_search_path":"false",
"hdl_use_for_generate_prefix":"true",
"hdl_use_if_generate_prefix":"true",
"hdl_vhdl_preferred_architecture":"",
"incr_retime":"false",
"lbr_seq_in_out_phase_opto":"false",
"lef_library":"",
"lib_search_path":". /opt/cadence/genus/tools.lnx86/lib/tech",
"lp_clock_gating_auto_control":"none",
"lp_insert_clock_gating":"false",
"multibit_prefix_string":"CDN_MBIT_",
"multibit_seqs_name_concat_string":"_MB_",
"optimize_seq_x_to":"0",
"program_version":"17.10-p007_1",
"ungroup_separator":"_",
"wlec_add_golden_driver_info":"true",
"wlec_add_noblack_box_retime_subdesign":"true",
"wlec_analyze_abort":"false",
"wlec_analyze_module_partial_sum":"false",
"wlec_analyze_setup":"false",
"wlec_cg_declone_hier_compare":"true",
"wlec_cut_point":"none",
"wlec_env_var":"",
"wlec_flat_r2n":"false",
"wlec_g1_has_iso_inserted":"false",
"wlec_hier_comp_threshold":"50",
"wlec_keep_top_level_constraints":"false",
"wlec_lib_statetable":"true",
"wlec_ncprotect_keydb":"true",
"wlec_one_hot_mux":"false",
"wlec_pre_compare":"",
"wlec_pre_design_read":"",
"wlec_pre_exit":"",
"wlec_pre_read":"",
"wlec_retime_module_uniquify":"true",
"wlec_rtl_top":"",
"wlec_set_cdn_synth_root":"false",
"wlec_sim_lib":"",
"wlec_uniquify":"true",
"wlec_use_constant_function_timing_model":"true",
"wlec_use_cpf_for_library":"true",
"wlec_use_extconst":"false",
"wlec_use_io_pad":"true",
"wlec_use_lec_model":"true",
"wlec_write_cpf_lp_ec_flow":"true",
"write_vlog_bit_blast_mapped_ports":"false",
"write_vlog_convert_onebit_vector_to_scalar":"false",
"hdl_convert_onebit_vector_to_scalar":"false",
"write_vlog_no_negative_index":"false",
"wlec_auto_analyze":"true",
"wlec_checkpoint":"",
"wlec_compare_threads":"0",
"wlec_ignore_ovf":"false",
"wlec_parallel_threads":"4",
"use_abstract_models":"false",
"wlec_stop_after_syn_eqn_mismatch":"false",
"object":"/",
"type":"root"},

{"commit_cpf_done":"false",
"hdl_filelist":"{default -vhdl1993 {SYNTHESIS} {rtl/ALU.vhd rtl/bloco_controle.vhd rtl/bloco_operacional.vhd rtl/flag0.vhd rtl/InstructionRegister.vhd rtl/MUX3x1.vhd rtl/pc.vhd rtl/processador_6_instrucoes.vhd rtl/RegisterFile.vhd rtl/somador.vhd rtl/unidade_de_controle.vhd} {../rtl}}",
"hdl_user_name":"processador_6_instrucoes",
"is_retimed":"false",
"lp_clock_gating_style":"latch",
"pi_commit_done":"false",
"seq_reason_deleted":"{{/bloco_controle_U0_state_reg[0]11644} unloaded} {{/bloco_controle_U2_data_out_reg[8]11642} unloaded} {{/bloco_controle_U1_PC_val_reg[13]11640} unloaded} {{/bloco_controle_U1_PC_val_reg[14]11638} unloaded}",
"state":"mapped",
"obsolete_state":"mapped",
"has_dp_shared_gint":"true",
"has_dp_rewrite_gint":"false",
"object":"/designs/processador_6_instrucoes",
"type":"design"},

{"checkpoint_equation":"\"assign out_0 = ( ( $signed(in_0) + $signed(in_1) )  - 1 ) ; \"",
"logical_hier":"false",
"instances":"/designs/processador_6_instrucoes/instances_hier/bloco_controle_csa_tree_U3_sub_17_28_groupi",
"has_dp_shared_gint":"false",
"has_dp_rewrite_gint":"false",
"object":"/designs/processador_6_instrucoes/subdesigns/csa_tree_U3_sub_17_28_group_4",
"type":"subdesign"},

{"logical_hier":"true",
"instances":"/designs/processador_6_instrucoes/instances_hier/memoria_D",
"has_dp_shared_gint":"false",
"has_dp_rewrite_gint":"false",
"object":"/designs/processador_6_instrucoes/subdesigns/memD",
"type":"subdesign"},

{"sequential":"true",
"gint_phase_inversion":"false",
"latch":"false",
"object":"/designs/processador_6_instrucoes/instances_seq/bloco_controle_U0_state_reg[1]",
"type":"instance"},

{"sequential":"true",
"gint_phase_inversion":"false",
"latch":"false",
"object":"/designs/processador_6_instrucoes/instances_seq/bloco_controle_U0_state_reg[2]",
"type":"instance"},

{"sequential":"true",
"gint_phase_inversion":"false",
"latch":"false",
"object":"/designs/processador_6_instrucoes/instances_seq/bloco_controle_U0_state_reg[3]",
"type":"instance"},

{"sequential":"true",
"gint_phase_inversion":"false",
"latch":"false",
"object":"/designs/processador_6_instrucoes/instances_seq/bloco_controle_U1_PC_val_reg[0]",
"type":"instance"},

{"sequential":"true",
"gint_phase_inversion":"false",
"latch":"false",
"object":"/designs/processador_6_instrucoes/instances_seq/bloco_controle_U1_PC_val_reg[1]",
"type":"instance"},

{"sequential":"true",
"gint_phase_inversion":"false",
"latch":"false",
"object":"/designs/processador_6_instrucoes/instances_seq/bloco_controle_U1_PC_val_reg[2]",
"type":"instance"},

{"sequential":"true",
"gint_phase_inversion":"false",
"latch":"false",
"object":"/designs/processador_6_instrucoes/instances_seq/bloco_controle_U1_PC_val_reg[3]",
"type":"instance"},

{"sequential":"true",
"gint_phase_inversion":"false",
"latch":"false",
"object":"/designs/processador_6_instrucoes/instances_seq/bloco_controle_U1_PC_val_reg[4]",
"type":"instance"},

{"sequential":"true",
"gint_phase_inversion":"false",
"latch":"false",
"object":"/designs/processador_6_instrucoes/instances_seq/bloco_controle_U1_PC_val_reg[5]",
"type":"instance"},

{"sequential":"true",
"gint_phase_inversion":"false",
"latch":"false",
"object":"/designs/processador_6_instrucoes/instances_seq/bloco_controle_U1_PC_val_reg[6]",
"type":"instance"},

{"sequential":"true",
"gint_phase_inversion":"false",
"latch":"false",
"object":"/designs/processador_6_instrucoes/instances_seq/bloco_controle_U1_PC_val_reg[7]",
"type":"instance"},

{"sequential":"true",
"gint_phase_inversion":"false",
"latch":"false",
"object":"/designs/processador_6_instrucoes/instances_seq/bloco_controle_U1_PC_val_reg[8]",
"type":"instance"},

{"sequential":"true",
"gint_phase_inversion":"false",
"latch":"false",
"object":"/designs/processador_6_instrucoes/instances_seq/bloco_controle_U1_PC_val_reg[9]",
"type":"instance"},

{"sequential":"true",
"gint_phase_inversion":"false",
"latch":"false",
"object":"/designs/processador_6_instrucoes/instances_seq/bloco_controle_U1_PC_val_reg[10]",
"type":"instance"},

{"sequential":"true",
"gint_phase_inversion":"false",
"latch":"false",
"object":"/designs/processador_6_instrucoes/instances_seq/bloco_controle_U1_PC_val_reg[11]",
"type":"instance"},

{"sequential":"true",
"gint_phase_inversion":"false",
"latch":"false",
"object":"/designs/processador_6_instrucoes/instances_seq/bloco_controle_U1_PC_val_reg[12]",
"type":"instance"},

{"sequential":"true",
"gint_phase_inversion":"false",
"latch":"false",
"object":"/designs/processador_6_instrucoes/instances_seq/bloco_controle_U1_PC_val_reg[15]",
"type":"instance"},

{"sequential":"true",
"gint_phase_inversion":"false",
"latch":"false",
"object":"/designs/processador_6_instrucoes/instances_seq/bloco_controle_U2_data_out_reg[0]",
"type":"instance"},

{"sequential":"true",
"gint_phase_inversion":"false",
"latch":"false",
"object":"/designs/processador_6_instrucoes/instances_seq/bloco_controle_U2_data_out_reg[1]",
"type":"instance"},

{"sequential":"true",
"gint_phase_inversion":"false",
"latch":"false",
"object":"/designs/processador_6_instrucoes/instances_seq/bloco_controle_U2_data_out_reg[2]",
"type":"instance"},

{"sequential":"true",
"gint_phase_inversion":"false",
"latch":"false",
"object":"/designs/processador_6_instrucoes/instances_seq/bloco_controle_U2_data_out_reg[3]",
"type":"instance"},

{"sequential":"true",
"gint_phase_inversion":"false",
"latch":"false",
"object":"/designs/processador_6_instrucoes/instances_seq/bloco_controle_U2_data_out_reg[4]",
"type":"instance"},

{"sequential":"true",
"gint_phase_inversion":"false",
"latch":"false",
"object":"/designs/processador_6_instrucoes/instances_seq/bloco_controle_U2_data_out_reg[5]",
"type":"instance"},

{"sequential":"true",
"gint_phase_inversion":"false",
"latch":"false",
"object":"/designs/processador_6_instrucoes/instances_seq/bloco_controle_U2_data_out_reg[6]",
"type":"instance"},

{"sequential":"true",
"gint_phase_inversion":"false",
"latch":"false",
"object":"/designs/processador_6_instrucoes/instances_seq/bloco_controle_U2_data_out_reg[7]",
"type":"instance"},

{"sequential":"true",
"gint_phase_inversion":"false",
"latch":"false",
"object":"/designs/processador_6_instrucoes/instances_seq/bloco_controle_U2_data_out_reg[9]",
"type":"instance"},

{"sequential":"true",
"gint_phase_inversion":"false",
"latch":"false",
"object":"/designs/processador_6_instrucoes/instances_seq/bloco_controle_U2_data_out_reg[10]",
"type":"instance"},

{"sequential":"true",
"gint_phase_inversion":"false",
"latch":"false",
"object":"/designs/processador_6_instrucoes/instances_seq/bloco_controle_U2_data_out_reg[11]",
"type":"instance"},

{"sequential":"true",
"gint_phase_inversion":"false",
"latch":"false",
"object":"/designs/processador_6_instrucoes/instances_seq/bloco_controle_U2_data_out_reg[12]",
"type":"instance"},

{"sequential":"true",
"gint_phase_inversion":"false",
"latch":"false",
"object":"/designs/processador_6_instrucoes/instances_seq/bloco_controle_U2_data_out_reg[13]",
"type":"instance"},

{"sequential":"true",
"gint_phase_inversion":"false",
"latch":"false",
"object":"/designs/processador_6_instrucoes/instances_seq/bloco_controle_U2_data_out_reg[14]",
"type":"instance"},

{"sequential":"true",
"gint_phase_inversion":"false",
"latch":"false",
"object":"/designs/processador_6_instrucoes/instances_seq/bloco_controle_U2_data_out_reg[15]",
"type":"instance"},

{"sequential":"true",
"gint_phase_inversion":"false",
"latch":"false",
"object":"/designs/processador_6_instrucoes/instances_seq/my_bloco_operacional_RF_RF_reg[0][0]",
"type":"instance"},

{"sequential":"true",
"gint_phase_inversion":"false",
"latch":"false",
"object":"/designs/processador_6_instrucoes/instances_seq/my_bloco_operacional_RF_RF_reg[0][1]",
"type":"instance"},

{"sequential":"true",
"gint_phase_inversion":"false",
"latch":"false",
"object":"/designs/processador_6_instrucoes/instances_seq/my_bloco_operacional_RF_RF_reg[0][2]",
"type":"instance"},

{"sequential":"true",
"gint_phase_inversion":"false",
"latch":"false",
"object":"/designs/processador_6_instrucoes/instances_seq/my_bloco_operacional_RF_RF_reg[0][3]",
"type":"instance"},

{"sequential":"true",
"gint_phase_inversion":"false",
"latch":"false",
"object":"/designs/processador_6_instrucoes/instances_seq/my_bloco_operacional_RF_RF_reg[0][4]",
"type":"instance"},

{"sequential":"true",
"gint_phase_inversion":"false",
"latch":"false",
"object":"/designs/processador_6_instrucoes/instances_seq/my_bloco_operacional_RF_RF_reg[0][5]",
"type":"instance"},

{"sequential":"true",
"gint_phase_inversion":"false",
"latch":"false",
"object":"/designs/processador_6_instrucoes/instances_seq/my_bloco_operacional_RF_RF_reg[0][6]",
"type":"instance"},

{"sequential":"true",
"gint_phase_inversion":"false",
"latch":"false",
"object":"/designs/processador_6_instrucoes/instances_seq/my_bloco_operacional_RF_RF_reg[0][7]",
"type":"instance"},

{"sequential":"true",
"gint_phase_inversion":"false",
"latch":"false",
"object":"/designs/processador_6_instrucoes/instances_seq/my_bloco_operacional_RF_RF_reg[0][8]",
"type":"instance"},

{"sequential":"true",
"gint_phase_inversion":"false",
"latch":"false",
"object":"/designs/processador_6_instrucoes/instances_seq/my_bloco_operacional_RF_RF_reg[0][9]",
"type":"instance"},

{"sequential":"true",
"gint_phase_inversion":"false",
"latch":"false",
"object":"/designs/processador_6_instrucoes/instances_seq/my_bloco_operacional_RF_RF_reg[0][10]",
"type":"instance"},

{"sequential":"true",
"gint_phase_inversion":"false",
"latch":"false",
"object":"/designs/processador_6_instrucoes/instances_seq/my_bloco_operacional_RF_RF_reg[0][11]",
"type":"instance"},

{"sequential":"true",
"gint_phase_inversion":"false",
"latch":"false",
"object":"/designs/processador_6_instrucoes/instances_seq/my_bloco_operacional_RF_RF_reg[0][12]",
"type":"instance"},

{"sequential":"true",
"gint_phase_inversion":"false",
"latch":"false",
"object":"/designs/processador_6_instrucoes/instances_seq/my_bloco_operacional_RF_RF_reg[0][13]",
"type":"instance"},

{"sequential":"true",
"gint_phase_inversion":"false",
"latch":"false",
"object":"/designs/processador_6_instrucoes/instances_seq/my_bloco_operacional_RF_RF_reg[0][14]",
"type":"instance"},

{"sequential":"true",
"gint_phase_inversion":"false",
"latch":"false",
"object":"/designs/processador_6_instrucoes/instances_seq/my_bloco_operacional_RF_RF_reg[0][15]",
"type":"instance"},

{"sequential":"true",
"gint_phase_inversion":"false",
"latch":"false",
"object":"/designs/processador_6_instrucoes/instances_seq/my_bloco_operacional_RF_RF_reg[1][0]",
"type":"instance"},

{"sequential":"true",
"gint_phase_inversion":"false",
"latch":"false",
"object":"/designs/processador_6_instrucoes/instances_seq/my_bloco_operacional_RF_RF_reg[1][1]",
"type":"instance"},

{"sequential":"true",
"gint_phase_inversion":"false",
"latch":"false",
"object":"/designs/processador_6_instrucoes/instances_seq/my_bloco_operacional_RF_RF_reg[1][2]",
"type":"instance"},

{"sequential":"true",
"gint_phase_inversion":"false",
"latch":"false",
"object":"/designs/processador_6_instrucoes/instances_seq/my_bloco_operacional_RF_RF_reg[1][3]",
"type":"instance"},

{"sequential":"true",
"gint_phase_inversion":"false",
"latch":"false",
"object":"/designs/processador_6_instrucoes/instances_seq/my_bloco_operacional_RF_RF_reg[1][4]",
"type":"instance"},

{"sequential":"true",
"gint_phase_inversion":"false",
"latch":"false",
"object":"/designs/processador_6_instrucoes/instances_seq/my_bloco_operacional_RF_RF_reg[1][5]",
"type":"instance"},

{"sequential":"true",
"gint_phase_inversion":"false",
"latch":"false",
"object":"/designs/processador_6_instrucoes/instances_seq/my_bloco_operacional_RF_RF_reg[1][6]",
"type":"instance"},

{"sequential":"true",
"gint_phase_inversion":"false",
"latch":"false",
"object":"/designs/processador_6_instrucoes/instances_seq/my_bloco_operacional_RF_RF_reg[1][7]",
"type":"instance"},

{"sequential":"true",
"gint_phase_inversion":"false",
"latch":"false",
"object":"/designs/processador_6_instrucoes/instances_seq/my_bloco_operacional_RF_RF_reg[1][8]",
"type":"instance"},

{"sequential":"true",
"gint_phase_inversion":"false",
"latch":"false",
"object":"/designs/processador_6_instrucoes/instances_seq/my_bloco_operacional_RF_RF_reg[1][9]",
"type":"instance"},

{"sequential":"true",
"gint_phase_inversion":"false",
"latch":"false",
"object":"/designs/processador_6_instrucoes/instances_seq/my_bloco_operacional_RF_RF_reg[1][10]",
"type":"instance"},

{"sequential":"true",
"gint_phase_inversion":"false",
"latch":"false",
"object":"/designs/processador_6_instrucoes/instances_seq/my_bloco_operacional_RF_RF_reg[1][11]",
"type":"instance"},

{"sequential":"true",
"gint_phase_inversion":"false",
"latch":"false",
"object":"/designs/processador_6_instrucoes/instances_seq/my_bloco_operacional_RF_RF_reg[1][12]",
"type":"instance"},

{"sequential":"true",
"gint_phase_inversion":"false",
"latch":"false",
"object":"/designs/processador_6_instrucoes/instances_seq/my_bloco_operacional_RF_RF_reg[1][13]",
"type":"instance"},

{"sequential":"true",
"gint_phase_inversion":"false",
"latch":"false",
"object":"/designs/processador_6_instrucoes/instances_seq/my_bloco_operacional_RF_RF_reg[1][14]",
"type":"instance"},

{"sequential":"true",
"gint_phase_inversion":"false",
"latch":"false",
"object":"/designs/processador_6_instrucoes/instances_seq/my_bloco_operacional_RF_RF_reg[1][15]",
"type":"instance"},

{"sequential":"true",
"gint_phase_inversion":"false",
"latch":"false",
"object":"/designs/processador_6_instrucoes/instances_seq/my_bloco_operacional_RF_RF_reg[2][0]",
"type":"instance"},

{"sequential":"true",
"gint_phase_inversion":"false",
"latch":"false",
"object":"/designs/processador_6_instrucoes/instances_seq/my_bloco_operacional_RF_RF_reg[2][1]",
"type":"instance"},

{"sequential":"true",
"gint_phase_inversion":"false",
"latch":"false",
"object":"/designs/processador_6_instrucoes/instances_seq/my_bloco_operacional_RF_RF_reg[2][2]",
"type":"instance"},

{"sequential":"true",
"gint_phase_inversion":"false",
"latch":"false",
"object":"/designs/processador_6_instrucoes/instances_seq/my_bloco_operacional_RF_RF_reg[2][3]",
"type":"instance"},

{"sequential":"true",
"gint_phase_inversion":"false",
"latch":"false",
"object":"/designs/processador_6_instrucoes/instances_seq/my_bloco_operacional_RF_RF_reg[2][4]",
"type":"instance"},

{"sequential":"true",
"gint_phase_inversion":"false",
"latch":"false",
"object":"/designs/processador_6_instrucoes/instances_seq/my_bloco_operacional_RF_RF_reg[2][5]",
"type":"instance"},

{"sequential":"true",
"gint_phase_inversion":"false",
"latch":"false",
"object":"/designs/processador_6_instrucoes/instances_seq/my_bloco_operacional_RF_RF_reg[2][6]",
"type":"instance"},

{"sequential":"true",
"gint_phase_inversion":"false",
"latch":"false",
"object":"/designs/processador_6_instrucoes/instances_seq/my_bloco_operacional_RF_RF_reg[2][7]",
"type":"instance"},

{"sequential":"true",
"gint_phase_inversion":"false",
"latch":"false",
"object":"/designs/processador_6_instrucoes/instances_seq/my_bloco_operacional_RF_RF_reg[2][8]",
"type":"instance"},

{"sequential":"true",
"gint_phase_inversion":"false",
"latch":"false",
"object":"/designs/processador_6_instrucoes/instances_seq/my_bloco_operacional_RF_RF_reg[2][9]",
"type":"instance"},

{"sequential":"true",
"gint_phase_inversion":"false",
"latch":"false",
"object":"/designs/processador_6_instrucoes/instances_seq/my_bloco_operacional_RF_RF_reg[2][10]",
"type":"instance"},

{"sequential":"true",
"gint_phase_inversion":"false",
"latch":"false",
"object":"/designs/processador_6_instrucoes/instances_seq/my_bloco_operacional_RF_RF_reg[2][11]",
"type":"instance"},

{"sequential":"true",
"gint_phase_inversion":"false",
"latch":"false",
"object":"/designs/processador_6_instrucoes/instances_seq/my_bloco_operacional_RF_RF_reg[2][12]",
"type":"instance"},

{"sequential":"true",
"gint_phase_inversion":"false",
"latch":"false",
"object":"/designs/processador_6_instrucoes/instances_seq/my_bloco_operacional_RF_RF_reg[2][13]",
"type":"instance"},

{"sequential":"true",
"gint_phase_inversion":"false",
"latch":"false",
"object":"/designs/processador_6_instrucoes/instances_seq/my_bloco_operacional_RF_RF_reg[2][14]",
"type":"instance"},

{"sequential":"true",
"gint_phase_inversion":"false",
"latch":"false",
"object":"/designs/processador_6_instrucoes/instances_seq/my_bloco_operacional_RF_RF_reg[2][15]",
"type":"instance"},

{"sequential":"true",
"gint_phase_inversion":"false",
"latch":"false",
"object":"/designs/processador_6_instrucoes/instances_seq/my_bloco_operacional_RF_RF_reg[3][0]",
"type":"instance"},

{"sequential":"true",
"gint_phase_inversion":"false",
"latch":"false",
"object":"/designs/processador_6_instrucoes/instances_seq/my_bloco_operacional_RF_RF_reg[3][1]",
"type":"instance"},

{"sequential":"true",
"gint_phase_inversion":"false",
"latch":"false",
"object":"/designs/processador_6_instrucoes/instances_seq/my_bloco_operacional_RF_RF_reg[3][2]",
"type":"instance"},

{"sequential":"true",
"gint_phase_inversion":"false",
"latch":"false",
"object":"/designs/processador_6_instrucoes/instances_seq/my_bloco_operacional_RF_RF_reg[3][3]",
"type":"instance"},

{"sequential":"true",
"gint_phase_inversion":"false",
"latch":"false",
"object":"/designs/processador_6_instrucoes/instances_seq/my_bloco_operacional_RF_RF_reg[3][4]",
"type":"instance"},

{"sequential":"true",
"gint_phase_inversion":"false",
"latch":"false",
"object":"/designs/processador_6_instrucoes/instances_seq/my_bloco_operacional_RF_RF_reg[3][5]",
"type":"instance"},

{"sequential":"true",
"gint_phase_inversion":"false",
"latch":"false",
"object":"/designs/processador_6_instrucoes/instances_seq/my_bloco_operacional_RF_RF_reg[3][6]",
"type":"instance"},

{"sequential":"true",
"gint_phase_inversion":"false",
"latch":"false",
"object":"/designs/processador_6_instrucoes/instances_seq/my_bloco_operacional_RF_RF_reg[3][7]",
"type":"instance"},

{"sequential":"true",
"gint_phase_inversion":"false",
"latch":"false",
"object":"/designs/processador_6_instrucoes/instances_seq/my_bloco_operacional_RF_RF_reg[3][8]",
"type":"instance"},

{"sequential":"true",
"gint_phase_inversion":"false",
"latch":"false",
"object":"/designs/processador_6_instrucoes/instances_seq/my_bloco_operacional_RF_RF_reg[3][9]",
"type":"instance"},

{"sequential":"true",
"gint_phase_inversion":"false",
"latch":"false",
"object":"/designs/processador_6_instrucoes/instances_seq/my_bloco_operacional_RF_RF_reg[3][10]",
"type":"instance"},

{"sequential":"true",
"gint_phase_inversion":"false",
"latch":"false",
"object":"/designs/processador_6_instrucoes/instances_seq/my_bloco_operacional_RF_RF_reg[3][11]",
"type":"instance"},

{"sequential":"true",
"gint_phase_inversion":"false",
"latch":"false",
"object":"/designs/processador_6_instrucoes/instances_seq/my_bloco_operacional_RF_RF_reg[3][12]",
"type":"instance"},

{"sequential":"true",
"gint_phase_inversion":"false",
"latch":"false",
"object":"/designs/processador_6_instrucoes/instances_seq/my_bloco_operacional_RF_RF_reg[3][13]",
"type":"instance"},

{"sequential":"true",
"gint_phase_inversion":"false",
"latch":"false",
"object":"/designs/processador_6_instrucoes/instances_seq/my_bloco_operacional_RF_RF_reg[3][14]",
"type":"instance"},

{"sequential":"true",
"gint_phase_inversion":"false",
"latch":"false",
"object":"/designs/processador_6_instrucoes/instances_seq/my_bloco_operacional_RF_RF_reg[3][15]",
"type":"instance"},

{"sequential":"true",
"gint_phase_inversion":"false",
"latch":"false",
"object":"/designs/processador_6_instrucoes/instances_seq/my_bloco_operacional_RF_RF_reg[4][0]",
"type":"instance"},

{"sequential":"true",
"gint_phase_inversion":"false",
"latch":"false",
"object":"/designs/processador_6_instrucoes/instances_seq/my_bloco_operacional_RF_RF_reg[4][1]",
"type":"instance"},

{"sequential":"true",
"gint_phase_inversion":"false",
"latch":"false",
"object":"/designs/processador_6_instrucoes/instances_seq/my_bloco_operacional_RF_RF_reg[4][2]",
"type":"instance"},

{"sequential":"true",
"gint_phase_inversion":"false",
"latch":"false",
"object":"/designs/processador_6_instrucoes/instances_seq/my_bloco_operacional_RF_RF_reg[4][3]",
"type":"instance"},

{"sequential":"true",
"gint_phase_inversion":"false",
"latch":"false",
"object":"/designs/processador_6_instrucoes/instances_seq/my_bloco_operacional_RF_RF_reg[4][4]",
"type":"instance"},

{"sequential":"true",
"gint_phase_inversion":"false",
"latch":"false",
"object":"/designs/processador_6_instrucoes/instances_seq/my_bloco_operacional_RF_RF_reg[4][5]",
"type":"instance"},

{"sequential":"true",
"gint_phase_inversion":"false",
"latch":"false",
"object":"/designs/processador_6_instrucoes/instances_seq/my_bloco_operacional_RF_RF_reg[4][6]",
"type":"instance"},

{"sequential":"true",
"gint_phase_inversion":"false",
"latch":"false",
"object":"/designs/processador_6_instrucoes/instances_seq/my_bloco_operacional_RF_RF_reg[4][7]",
"type":"instance"},

{"sequential":"true",
"gint_phase_inversion":"false",
"latch":"false",
"object":"/designs/processador_6_instrucoes/instances_seq/my_bloco_operacional_RF_RF_reg[4][8]",
"type":"instance"},

{"sequential":"true",
"gint_phase_inversion":"false",
"latch":"false",
"object":"/designs/processador_6_instrucoes/instances_seq/my_bloco_operacional_RF_RF_reg[4][9]",
"type":"instance"},

{"sequential":"true",
"gint_phase_inversion":"false",
"latch":"false",
"object":"/designs/processador_6_instrucoes/instances_seq/my_bloco_operacional_RF_RF_reg[4][10]",
"type":"instance"},

{"sequential":"true",
"gint_phase_inversion":"false",
"latch":"false",
"object":"/designs/processador_6_instrucoes/instances_seq/my_bloco_operacional_RF_RF_reg[4][11]",
"type":"instance"},

{"sequential":"true",
"gint_phase_inversion":"false",
"latch":"false",
"object":"/designs/processador_6_instrucoes/instances_seq/my_bloco_operacional_RF_RF_reg[4][12]",
"type":"instance"},

{"sequential":"true",
"gint_phase_inversion":"false",
"latch":"false",
"object":"/designs/processador_6_instrucoes/instances_seq/my_bloco_operacional_RF_RF_reg[4][13]",
"type":"instance"},

{"sequential":"true",
"gint_phase_inversion":"false",
"latch":"false",
"object":"/designs/processador_6_instrucoes/instances_seq/my_bloco_operacional_RF_RF_reg[4][14]",
"type":"instance"},

{"sequential":"true",
"gint_phase_inversion":"false",
"latch":"false",
"object":"/designs/processador_6_instrucoes/instances_seq/my_bloco_operacional_RF_RF_reg[4][15]",
"type":"instance"},

{"sequential":"true",
"gint_phase_inversion":"false",
"latch":"false",
"object":"/designs/processador_6_instrucoes/instances_seq/my_bloco_operacional_RF_RF_reg[5][0]",
"type":"instance"},

{"sequential":"true",
"gint_phase_inversion":"false",
"latch":"false",
"object":"/designs/processador_6_instrucoes/instances_seq/my_bloco_operacional_RF_RF_reg[5][1]",
"type":"instance"},

{"sequential":"true",
"gint_phase_inversion":"false",
"latch":"false",
"object":"/designs/processador_6_instrucoes/instances_seq/my_bloco_operacional_RF_RF_reg[5][2]",
"type":"instance"},

{"sequential":"true",
"gint_phase_inversion":"false",
"latch":"false",
"object":"/designs/processador_6_instrucoes/instances_seq/my_bloco_operacional_RF_RF_reg[5][3]",
"type":"instance"},

{"sequential":"true",
"gint_phase_inversion":"false",
"latch":"false",
"object":"/designs/processador_6_instrucoes/instances_seq/my_bloco_operacional_RF_RF_reg[5][4]",
"type":"instance"},

{"sequential":"true",
"gint_phase_inversion":"false",
"latch":"false",
"object":"/designs/processador_6_instrucoes/instances_seq/my_bloco_operacional_RF_RF_reg[5][5]",
"type":"instance"},

{"sequential":"true",
"gint_phase_inversion":"false",
"latch":"false",
"object":"/designs/processador_6_instrucoes/instances_seq/my_bloco_operacional_RF_RF_reg[5][6]",
"type":"instance"},

{"sequential":"true",
"gint_phase_inversion":"false",
"latch":"false",
"object":"/designs/processador_6_instrucoes/instances_seq/my_bloco_operacional_RF_RF_reg[5][7]",
"type":"instance"},

{"sequential":"true",
"gint_phase_inversion":"false",
"latch":"false",
"object":"/designs/processador_6_instrucoes/instances_seq/my_bloco_operacional_RF_RF_reg[5][8]",
"type":"instance"},

{"sequential":"true",
"gint_phase_inversion":"false",
"latch":"false",
"object":"/designs/processador_6_instrucoes/instances_seq/my_bloco_operacional_RF_RF_reg[5][9]",
"type":"instance"},

{"sequential":"true",
"gint_phase_inversion":"false",
"latch":"false",
"object":"/designs/processador_6_instrucoes/instances_seq/my_bloco_operacional_RF_RF_reg[5][10]",
"type":"instance"},

{"sequential":"true",
"gint_phase_inversion":"false",
"latch":"false",
"object":"/designs/processador_6_instrucoes/instances_seq/my_bloco_operacional_RF_RF_reg[5][11]",
"type":"instance"},

{"sequential":"true",
"gint_phase_inversion":"false",
"latch":"false",
"object":"/designs/processador_6_instrucoes/instances_seq/my_bloco_operacional_RF_RF_reg[5][12]",
"type":"instance"},

{"sequential":"true",
"gint_phase_inversion":"false",
"latch":"false",
"object":"/designs/processador_6_instrucoes/instances_seq/my_bloco_operacional_RF_RF_reg[5][13]",
"type":"instance"},

{"sequential":"true",
"gint_phase_inversion":"false",
"latch":"false",
"object":"/designs/processador_6_instrucoes/instances_seq/my_bloco_operacional_RF_RF_reg[5][14]",
"type":"instance"},

{"sequential":"true",
"gint_phase_inversion":"false",
"latch":"false",
"object":"/designs/processador_6_instrucoes/instances_seq/my_bloco_operacional_RF_RF_reg[5][15]",
"type":"instance"},

{"sequential":"true",
"gint_phase_inversion":"false",
"latch":"false",
"object":"/designs/processador_6_instrucoes/instances_seq/my_bloco_operacional_RF_RF_reg[6][0]",
"type":"instance"},

{"sequential":"true",
"gint_phase_inversion":"false",
"latch":"false",
"object":"/designs/processador_6_instrucoes/instances_seq/my_bloco_operacional_RF_RF_reg[6][1]",
"type":"instance"},

{"sequential":"true",
"gint_phase_inversion":"false",
"latch":"false",
"object":"/designs/processador_6_instrucoes/instances_seq/my_bloco_operacional_RF_RF_reg[6][2]",
"type":"instance"},

{"sequential":"true",
"gint_phase_inversion":"false",
"latch":"false",
"object":"/designs/processador_6_instrucoes/instances_seq/my_bloco_operacional_RF_RF_reg[6][3]",
"type":"instance"},

{"sequential":"true",
"gint_phase_inversion":"false",
"latch":"false",
"object":"/designs/processador_6_instrucoes/instances_seq/my_bloco_operacional_RF_RF_reg[6][4]",
"type":"instance"},

{"sequential":"true",
"gint_phase_inversion":"false",
"latch":"false",
"object":"/designs/processador_6_instrucoes/instances_seq/my_bloco_operacional_RF_RF_reg[6][5]",
"type":"instance"},

{"sequential":"true",
"gint_phase_inversion":"false",
"latch":"false",
"object":"/designs/processador_6_instrucoes/instances_seq/my_bloco_operacional_RF_RF_reg[6][6]",
"type":"instance"},

{"sequential":"true",
"gint_phase_inversion":"false",
"latch":"false",
"object":"/designs/processador_6_instrucoes/instances_seq/my_bloco_operacional_RF_RF_reg[6][7]",
"type":"instance"},

{"sequential":"true",
"gint_phase_inversion":"false",
"latch":"false",
"object":"/designs/processador_6_instrucoes/instances_seq/my_bloco_operacional_RF_RF_reg[6][8]",
"type":"instance"},

{"sequential":"true",
"gint_phase_inversion":"false",
"latch":"false",
"object":"/designs/processador_6_instrucoes/instances_seq/my_bloco_operacional_RF_RF_reg[6][9]",
"type":"instance"},

{"sequential":"true",
"gint_phase_inversion":"false",
"latch":"false",
"object":"/designs/processador_6_instrucoes/instances_seq/my_bloco_operacional_RF_RF_reg[6][10]",
"type":"instance"},

{"sequential":"true",
"gint_phase_inversion":"false",
"latch":"false",
"object":"/designs/processador_6_instrucoes/instances_seq/my_bloco_operacional_RF_RF_reg[6][11]",
"type":"instance"},

{"sequential":"true",
"gint_phase_inversion":"false",
"latch":"false",
"object":"/designs/processador_6_instrucoes/instances_seq/my_bloco_operacional_RF_RF_reg[6][12]",
"type":"instance"},

{"sequential":"true",
"gint_phase_inversion":"false",
"latch":"false",
"object":"/designs/processador_6_instrucoes/instances_seq/my_bloco_operacional_RF_RF_reg[6][13]",
"type":"instance"},

{"sequential":"true",
"gint_phase_inversion":"false",
"latch":"false",
"object":"/designs/processador_6_instrucoes/instances_seq/my_bloco_operacional_RF_RF_reg[6][14]",
"type":"instance"},

{"sequential":"true",
"gint_phase_inversion":"false",
"latch":"false",
"object":"/designs/processador_6_instrucoes/instances_seq/my_bloco_operacional_RF_RF_reg[6][15]",
"type":"instance"},

{"sequential":"true",
"gint_phase_inversion":"false",
"latch":"false",
"object":"/designs/processador_6_instrucoes/instances_seq/my_bloco_operacional_RF_RF_reg[7][0]",
"type":"instance"},

{"sequential":"true",
"gint_phase_inversion":"false",
"latch":"false",
"object":"/designs/processador_6_instrucoes/instances_seq/my_bloco_operacional_RF_RF_reg[7][1]",
"type":"instance"},

{"sequential":"true",
"gint_phase_inversion":"false",
"latch":"false",
"object":"/designs/processador_6_instrucoes/instances_seq/my_bloco_operacional_RF_RF_reg[7][2]",
"type":"instance"},

{"sequential":"true",
"gint_phase_inversion":"false",
"latch":"false",
"object":"/designs/processador_6_instrucoes/instances_seq/my_bloco_operacional_RF_RF_reg[7][3]",
"type":"instance"},

{"sequential":"true",
"gint_phase_inversion":"false",
"latch":"false",
"object":"/designs/processador_6_instrucoes/instances_seq/my_bloco_operacional_RF_RF_reg[7][4]",
"type":"instance"},

{"sequential":"true",
"gint_phase_inversion":"false",
"latch":"false",
"object":"/designs/processador_6_instrucoes/instances_seq/my_bloco_operacional_RF_RF_reg[7][5]",
"type":"instance"},

{"sequential":"true",
"gint_phase_inversion":"false",
"latch":"false",
"object":"/designs/processador_6_instrucoes/instances_seq/my_bloco_operacional_RF_RF_reg[7][6]",
"type":"instance"},

{"sequential":"true",
"gint_phase_inversion":"false",
"latch":"false",
"object":"/designs/processador_6_instrucoes/instances_seq/my_bloco_operacional_RF_RF_reg[7][7]",
"type":"instance"},

{"sequential":"true",
"gint_phase_inversion":"false",
"latch":"false",
"object":"/designs/processador_6_instrucoes/instances_seq/my_bloco_operacional_RF_RF_reg[7][8]",
"type":"instance"},

{"sequential":"true",
"gint_phase_inversion":"false",
"latch":"false",
"object":"/designs/processador_6_instrucoes/instances_seq/my_bloco_operacional_RF_RF_reg[7][9]",
"type":"instance"},

{"sequential":"true",
"gint_phase_inversion":"false",
"latch":"false",
"object":"/designs/processador_6_instrucoes/instances_seq/my_bloco_operacional_RF_RF_reg[7][10]",
"type":"instance"},

{"sequential":"true",
"gint_phase_inversion":"false",
"latch":"false",
"object":"/designs/processador_6_instrucoes/instances_seq/my_bloco_operacional_RF_RF_reg[7][11]",
"type":"instance"},

{"sequential":"true",
"gint_phase_inversion":"false",
"latch":"false",
"object":"/designs/processador_6_instrucoes/instances_seq/my_bloco_operacional_RF_RF_reg[7][12]",
"type":"instance"},

{"sequential":"true",
"gint_phase_inversion":"false",
"latch":"false",
"object":"/designs/processador_6_instrucoes/instances_seq/my_bloco_operacional_RF_RF_reg[7][13]",
"type":"instance"},

{"sequential":"true",
"gint_phase_inversion":"false",
"latch":"false",
"object":"/designs/processador_6_instrucoes/instances_seq/my_bloco_operacional_RF_RF_reg[7][14]",
"type":"instance"},

{"sequential":"true",
"gint_phase_inversion":"false",
"latch":"false",
"object":"/designs/processador_6_instrucoes/instances_seq/my_bloco_operacional_RF_RF_reg[7][15]",
"type":"instance"},

{"sequential":"true",
"gint_phase_inversion":"false",
"latch":"false",
"object":"/designs/processador_6_instrucoes/instances_seq/my_bloco_operacional_RF_RF_reg[8][0]",
"type":"instance"},

{"sequential":"true",
"gint_phase_inversion":"false",
"latch":"false",
"object":"/designs/processador_6_instrucoes/instances_seq/my_bloco_operacional_RF_RF_reg[8][1]",
"type":"instance"},

{"sequential":"true",
"gint_phase_inversion":"false",
"latch":"false",
"object":"/designs/processador_6_instrucoes/instances_seq/my_bloco_operacional_RF_RF_reg[8][2]",
"type":"instance"},

{"sequential":"true",
"gint_phase_inversion":"false",
"latch":"false",
"object":"/designs/processador_6_instrucoes/instances_seq/my_bloco_operacional_RF_RF_reg[8][3]",
"type":"instance"},

{"sequential":"true",
"gint_phase_inversion":"false",
"latch":"false",
"object":"/designs/processador_6_instrucoes/instances_seq/my_bloco_operacional_RF_RF_reg[8][4]",
"type":"instance"},

{"sequential":"true",
"gint_phase_inversion":"false",
"latch":"false",
"object":"/designs/processador_6_instrucoes/instances_seq/my_bloco_operacional_RF_RF_reg[8][5]",
"type":"instance"},

{"sequential":"true",
"gint_phase_inversion":"false",
"latch":"false",
"object":"/designs/processador_6_instrucoes/instances_seq/my_bloco_operacional_RF_RF_reg[8][6]",
"type":"instance"},

{"sequential":"true",
"gint_phase_inversion":"false",
"latch":"false",
"object":"/designs/processador_6_instrucoes/instances_seq/my_bloco_operacional_RF_RF_reg[8][7]",
"type":"instance"},

{"sequential":"true",
"gint_phase_inversion":"false",
"latch":"false",
"object":"/designs/processador_6_instrucoes/instances_seq/my_bloco_operacional_RF_RF_reg[8][8]",
"type":"instance"},

{"sequential":"true",
"gint_phase_inversion":"false",
"latch":"false",
"object":"/designs/processador_6_instrucoes/instances_seq/my_bloco_operacional_RF_RF_reg[8][9]",
"type":"instance"},

{"sequential":"true",
"gint_phase_inversion":"false",
"latch":"false",
"object":"/designs/processador_6_instrucoes/instances_seq/my_bloco_operacional_RF_RF_reg[8][10]",
"type":"instance"},

{"sequential":"true",
"gint_phase_inversion":"false",
"latch":"false",
"object":"/designs/processador_6_instrucoes/instances_seq/my_bloco_operacional_RF_RF_reg[8][11]",
"type":"instance"},

{"sequential":"true",
"gint_phase_inversion":"false",
"latch":"false",
"object":"/designs/processador_6_instrucoes/instances_seq/my_bloco_operacional_RF_RF_reg[8][12]",
"type":"instance"},

{"sequential":"true",
"gint_phase_inversion":"false",
"latch":"false",
"object":"/designs/processador_6_instrucoes/instances_seq/my_bloco_operacional_RF_RF_reg[8][13]",
"type":"instance"},

{"sequential":"true",
"gint_phase_inversion":"false",
"latch":"false",
"object":"/designs/processador_6_instrucoes/instances_seq/my_bloco_operacional_RF_RF_reg[8][14]",
"type":"instance"},

{"sequential":"true",
"gint_phase_inversion":"false",
"latch":"false",
"object":"/designs/processador_6_instrucoes/instances_seq/my_bloco_operacional_RF_RF_reg[8][15]",
"type":"instance"},

{"sequential":"true",
"gint_phase_inversion":"false",
"latch":"false",
"object":"/designs/processador_6_instrucoes/instances_seq/my_bloco_operacional_RF_RF_reg[9][0]",
"type":"instance"},

{"sequential":"true",
"gint_phase_inversion":"false",
"latch":"false",
"object":"/designs/processador_6_instrucoes/instances_seq/my_bloco_operacional_RF_RF_reg[9][1]",
"type":"instance"},

{"sequential":"true",
"gint_phase_inversion":"false",
"latch":"false",
"object":"/designs/processador_6_instrucoes/instances_seq/my_bloco_operacional_RF_RF_reg[9][2]",
"type":"instance"},

{"sequential":"true",
"gint_phase_inversion":"false",
"latch":"false",
"object":"/designs/processador_6_instrucoes/instances_seq/my_bloco_operacional_RF_RF_reg[9][3]",
"type":"instance"},

{"sequential":"true",
"gint_phase_inversion":"false",
"latch":"false",
"object":"/designs/processador_6_instrucoes/instances_seq/my_bloco_operacional_RF_RF_reg[9][4]",
"type":"instance"},

{"sequential":"true",
"gint_phase_inversion":"false",
"latch":"false",
"object":"/designs/processador_6_instrucoes/instances_seq/my_bloco_operacional_RF_RF_reg[9][5]",
"type":"instance"},

{"sequential":"true",
"gint_phase_inversion":"false",
"latch":"false",
"object":"/designs/processador_6_instrucoes/instances_seq/my_bloco_operacional_RF_RF_reg[9][6]",
"type":"instance"},

{"sequential":"true",
"gint_phase_inversion":"false",
"latch":"false",
"object":"/designs/processador_6_instrucoes/instances_seq/my_bloco_operacional_RF_RF_reg[9][7]",
"type":"instance"},

{"sequential":"true",
"gint_phase_inversion":"false",
"latch":"false",
"object":"/designs/processador_6_instrucoes/instances_seq/my_bloco_operacional_RF_RF_reg[9][8]",
"type":"instance"},

{"sequential":"true",
"gint_phase_inversion":"false",
"latch":"false",
"object":"/designs/processador_6_instrucoes/instances_seq/my_bloco_operacional_RF_RF_reg[9][9]",
"type":"instance"},

{"sequential":"true",
"gint_phase_inversion":"false",
"latch":"false",
"object":"/designs/processador_6_instrucoes/instances_seq/my_bloco_operacional_RF_RF_reg[9][10]",
"type":"instance"},

{"sequential":"true",
"gint_phase_inversion":"false",
"latch":"false",
"object":"/designs/processador_6_instrucoes/instances_seq/my_bloco_operacional_RF_RF_reg[9][11]",
"type":"instance"},

{"sequential":"true",
"gint_phase_inversion":"false",
"latch":"false",
"object":"/designs/processador_6_instrucoes/instances_seq/my_bloco_operacional_RF_RF_reg[9][12]",
"type":"instance"},

{"sequential":"true",
"gint_phase_inversion":"false",
"latch":"false",
"object":"/designs/processador_6_instrucoes/instances_seq/my_bloco_operacional_RF_RF_reg[9][13]",
"type":"instance"},

{"sequential":"true",
"gint_phase_inversion":"false",
"latch":"false",
"object":"/designs/processador_6_instrucoes/instances_seq/my_bloco_operacional_RF_RF_reg[9][14]",
"type":"instance"},

{"sequential":"true",
"gint_phase_inversion":"false",
"latch":"false",
"object":"/designs/processador_6_instrucoes/instances_seq/my_bloco_operacional_RF_RF_reg[9][15]",
"type":"instance"},

{"sequential":"true",
"gint_phase_inversion":"false",
"latch":"false",
"object":"/designs/processador_6_instrucoes/instances_seq/my_bloco_operacional_RF_RF_reg[10][0]",
"type":"instance"},

{"sequential":"true",
"gint_phase_inversion":"false",
"latch":"false",
"object":"/designs/processador_6_instrucoes/instances_seq/my_bloco_operacional_RF_RF_reg[10][1]",
"type":"instance"},

{"sequential":"true",
"gint_phase_inversion":"false",
"latch":"false",
"object":"/designs/processador_6_instrucoes/instances_seq/my_bloco_operacional_RF_RF_reg[10][2]",
"type":"instance"},

{"sequential":"true",
"gint_phase_inversion":"false",
"latch":"false",
"object":"/designs/processador_6_instrucoes/instances_seq/my_bloco_operacional_RF_RF_reg[10][3]",
"type":"instance"},

{"sequential":"true",
"gint_phase_inversion":"false",
"latch":"false",
"object":"/designs/processador_6_instrucoes/instances_seq/my_bloco_operacional_RF_RF_reg[10][4]",
"type":"instance"},

{"sequential":"true",
"gint_phase_inversion":"false",
"latch":"false",
"object":"/designs/processador_6_instrucoes/instances_seq/my_bloco_operacional_RF_RF_reg[10][5]",
"type":"instance"},

{"sequential":"true",
"gint_phase_inversion":"false",
"latch":"false",
"object":"/designs/processador_6_instrucoes/instances_seq/my_bloco_operacional_RF_RF_reg[10][6]",
"type":"instance"},

{"sequential":"true",
"gint_phase_inversion":"false",
"latch":"false",
"object":"/designs/processador_6_instrucoes/instances_seq/my_bloco_operacional_RF_RF_reg[10][7]",
"type":"instance"},

{"sequential":"true",
"gint_phase_inversion":"false",
"latch":"false",
"object":"/designs/processador_6_instrucoes/instances_seq/my_bloco_operacional_RF_RF_reg[10][8]",
"type":"instance"},

{"sequential":"true",
"gint_phase_inversion":"false",
"latch":"false",
"object":"/designs/processador_6_instrucoes/instances_seq/my_bloco_operacional_RF_RF_reg[10][9]",
"type":"instance"},

{"sequential":"true",
"gint_phase_inversion":"false",
"latch":"false",
"object":"/designs/processador_6_instrucoes/instances_seq/my_bloco_operacional_RF_RF_reg[10][10]",
"type":"instance"},

{"sequential":"true",
"gint_phase_inversion":"false",
"latch":"false",
"object":"/designs/processador_6_instrucoes/instances_seq/my_bloco_operacional_RF_RF_reg[10][11]",
"type":"instance"},

{"sequential":"true",
"gint_phase_inversion":"false",
"latch":"false",
"object":"/designs/processador_6_instrucoes/instances_seq/my_bloco_operacional_RF_RF_reg[10][12]",
"type":"instance"},

{"sequential":"true",
"gint_phase_inversion":"false",
"latch":"false",
"object":"/designs/processador_6_instrucoes/instances_seq/my_bloco_operacional_RF_RF_reg[10][13]",
"type":"instance"},

{"sequential":"true",
"gint_phase_inversion":"false",
"latch":"false",
"object":"/designs/processador_6_instrucoes/instances_seq/my_bloco_operacional_RF_RF_reg[10][14]",
"type":"instance"},

{"sequential":"true",
"gint_phase_inversion":"false",
"latch":"false",
"object":"/designs/processador_6_instrucoes/instances_seq/my_bloco_operacional_RF_RF_reg[10][15]",
"type":"instance"},

{"sequential":"true",
"gint_phase_inversion":"false",
"latch":"false",
"object":"/designs/processador_6_instrucoes/instances_seq/my_bloco_operacional_RF_RF_reg[11][0]",
"type":"instance"},

{"sequential":"true",
"gint_phase_inversion":"false",
"latch":"false",
"object":"/designs/processador_6_instrucoes/instances_seq/my_bloco_operacional_RF_RF_reg[11][1]",
"type":"instance"},

{"sequential":"true",
"gint_phase_inversion":"false",
"latch":"false",
"object":"/designs/processador_6_instrucoes/instances_seq/my_bloco_operacional_RF_RF_reg[11][2]",
"type":"instance"},

{"sequential":"true",
"gint_phase_inversion":"false",
"latch":"false",
"object":"/designs/processador_6_instrucoes/instances_seq/my_bloco_operacional_RF_RF_reg[11][3]",
"type":"instance"},

{"sequential":"true",
"gint_phase_inversion":"false",
"latch":"false",
"object":"/designs/processador_6_instrucoes/instances_seq/my_bloco_operacional_RF_RF_reg[11][4]",
"type":"instance"},

{"sequential":"true",
"gint_phase_inversion":"false",
"latch":"false",
"object":"/designs/processador_6_instrucoes/instances_seq/my_bloco_operacional_RF_RF_reg[11][5]",
"type":"instance"},

{"sequential":"true",
"gint_phase_inversion":"false",
"latch":"false",
"object":"/designs/processador_6_instrucoes/instances_seq/my_bloco_operacional_RF_RF_reg[11][6]",
"type":"instance"},

{"sequential":"true",
"gint_phase_inversion":"false",
"latch":"false",
"object":"/designs/processador_6_instrucoes/instances_seq/my_bloco_operacional_RF_RF_reg[11][7]",
"type":"instance"},

{"sequential":"true",
"gint_phase_inversion":"false",
"latch":"false",
"object":"/designs/processador_6_instrucoes/instances_seq/my_bloco_operacional_RF_RF_reg[11][8]",
"type":"instance"},

{"sequential":"true",
"gint_phase_inversion":"false",
"latch":"false",
"object":"/designs/processador_6_instrucoes/instances_seq/my_bloco_operacional_RF_RF_reg[11][9]",
"type":"instance"},

{"sequential":"true",
"gint_phase_inversion":"false",
"latch":"false",
"object":"/designs/processador_6_instrucoes/instances_seq/my_bloco_operacional_RF_RF_reg[11][10]",
"type":"instance"},

{"sequential":"true",
"gint_phase_inversion":"false",
"latch":"false",
"object":"/designs/processador_6_instrucoes/instances_seq/my_bloco_operacional_RF_RF_reg[11][11]",
"type":"instance"},

{"sequential":"true",
"gint_phase_inversion":"false",
"latch":"false",
"object":"/designs/processador_6_instrucoes/instances_seq/my_bloco_operacional_RF_RF_reg[11][12]",
"type":"instance"},

{"sequential":"true",
"gint_phase_inversion":"false",
"latch":"false",
"object":"/designs/processador_6_instrucoes/instances_seq/my_bloco_operacional_RF_RF_reg[11][13]",
"type":"instance"},

{"sequential":"true",
"gint_phase_inversion":"false",
"latch":"false",
"object":"/designs/processador_6_instrucoes/instances_seq/my_bloco_operacional_RF_RF_reg[11][14]",
"type":"instance"},

{"sequential":"true",
"gint_phase_inversion":"false",
"latch":"false",
"object":"/designs/processador_6_instrucoes/instances_seq/my_bloco_operacional_RF_RF_reg[11][15]",
"type":"instance"},

{"sequential":"true",
"gint_phase_inversion":"false",
"latch":"false",
"object":"/designs/processador_6_instrucoes/instances_seq/my_bloco_operacional_RF_RF_reg[12][0]",
"type":"instance"},

{"sequential":"true",
"gint_phase_inversion":"false",
"latch":"false",
"object":"/designs/processador_6_instrucoes/instances_seq/my_bloco_operacional_RF_RF_reg[12][1]",
"type":"instance"},

{"sequential":"true",
"gint_phase_inversion":"false",
"latch":"false",
"object":"/designs/processador_6_instrucoes/instances_seq/my_bloco_operacional_RF_RF_reg[12][2]",
"type":"instance"},

{"sequential":"true",
"gint_phase_inversion":"false",
"latch":"false",
"object":"/designs/processador_6_instrucoes/instances_seq/my_bloco_operacional_RF_RF_reg[12][3]",
"type":"instance"},

{"sequential":"true",
"gint_phase_inversion":"false",
"latch":"false",
"object":"/designs/processador_6_instrucoes/instances_seq/my_bloco_operacional_RF_RF_reg[12][4]",
"type":"instance"},

{"sequential":"true",
"gint_phase_inversion":"false",
"latch":"false",
"object":"/designs/processador_6_instrucoes/instances_seq/my_bloco_operacional_RF_RF_reg[12][5]",
"type":"instance"},

{"sequential":"true",
"gint_phase_inversion":"false",
"latch":"false",
"object":"/designs/processador_6_instrucoes/instances_seq/my_bloco_operacional_RF_RF_reg[12][6]",
"type":"instance"},

{"sequential":"true",
"gint_phase_inversion":"false",
"latch":"false",
"object":"/designs/processador_6_instrucoes/instances_seq/my_bloco_operacional_RF_RF_reg[12][7]",
"type":"instance"},

{"sequential":"true",
"gint_phase_inversion":"false",
"latch":"false",
"object":"/designs/processador_6_instrucoes/instances_seq/my_bloco_operacional_RF_RF_reg[12][8]",
"type":"instance"},

{"sequential":"true",
"gint_phase_inversion":"false",
"latch":"false",
"object":"/designs/processador_6_instrucoes/instances_seq/my_bloco_operacional_RF_RF_reg[12][9]",
"type":"instance"},

{"sequential":"true",
"gint_phase_inversion":"false",
"latch":"false",
"object":"/designs/processador_6_instrucoes/instances_seq/my_bloco_operacional_RF_RF_reg[12][10]",
"type":"instance"},

{"sequential":"true",
"gint_phase_inversion":"false",
"latch":"false",
"object":"/designs/processador_6_instrucoes/instances_seq/my_bloco_operacional_RF_RF_reg[12][11]",
"type":"instance"},

{"sequential":"true",
"gint_phase_inversion":"false",
"latch":"false",
"object":"/designs/processador_6_instrucoes/instances_seq/my_bloco_operacional_RF_RF_reg[12][12]",
"type":"instance"},

{"sequential":"true",
"gint_phase_inversion":"false",
"latch":"false",
"object":"/designs/processador_6_instrucoes/instances_seq/my_bloco_operacional_RF_RF_reg[12][13]",
"type":"instance"},

{"sequential":"true",
"gint_phase_inversion":"false",
"latch":"false",
"object":"/designs/processador_6_instrucoes/instances_seq/my_bloco_operacional_RF_RF_reg[12][14]",
"type":"instance"},

{"sequential":"true",
"gint_phase_inversion":"false",
"latch":"false",
"object":"/designs/processador_6_instrucoes/instances_seq/my_bloco_operacional_RF_RF_reg[12][15]",
"type":"instance"},

{"sequential":"true",
"gint_phase_inversion":"false",
"latch":"false",
"object":"/designs/processador_6_instrucoes/instances_seq/my_bloco_operacional_RF_RF_reg[13][0]",
"type":"instance"},

{"sequential":"true",
"gint_phase_inversion":"false",
"latch":"false",
"object":"/designs/processador_6_instrucoes/instances_seq/my_bloco_operacional_RF_RF_reg[13][1]",
"type":"instance"},

{"sequential":"true",
"gint_phase_inversion":"false",
"latch":"false",
"object":"/designs/processador_6_instrucoes/instances_seq/my_bloco_operacional_RF_RF_reg[13][2]",
"type":"instance"},

{"sequential":"true",
"gint_phase_inversion":"false",
"latch":"false",
"object":"/designs/processador_6_instrucoes/instances_seq/my_bloco_operacional_RF_RF_reg[13][3]",
"type":"instance"},

{"sequential":"true",
"gint_phase_inversion":"false",
"latch":"false",
"object":"/designs/processador_6_instrucoes/instances_seq/my_bloco_operacional_RF_RF_reg[13][4]",
"type":"instance"},

{"sequential":"true",
"gint_phase_inversion":"false",
"latch":"false",
"object":"/designs/processador_6_instrucoes/instances_seq/my_bloco_operacional_RF_RF_reg[13][5]",
"type":"instance"},

{"sequential":"true",
"gint_phase_inversion":"false",
"latch":"false",
"object":"/designs/processador_6_instrucoes/instances_seq/my_bloco_operacional_RF_RF_reg[13][6]",
"type":"instance"},

{"sequential":"true",
"gint_phase_inversion":"false",
"latch":"false",
"object":"/designs/processador_6_instrucoes/instances_seq/my_bloco_operacional_RF_RF_reg[13][7]",
"type":"instance"},

{"sequential":"true",
"gint_phase_inversion":"false",
"latch":"false",
"object":"/designs/processador_6_instrucoes/instances_seq/my_bloco_operacional_RF_RF_reg[13][8]",
"type":"instance"},

{"sequential":"true",
"gint_phase_inversion":"false",
"latch":"false",
"object":"/designs/processador_6_instrucoes/instances_seq/my_bloco_operacional_RF_RF_reg[13][9]",
"type":"instance"},

{"sequential":"true",
"gint_phase_inversion":"false",
"latch":"false",
"object":"/designs/processador_6_instrucoes/instances_seq/my_bloco_operacional_RF_RF_reg[13][10]",
"type":"instance"},

{"sequential":"true",
"gint_phase_inversion":"false",
"latch":"false",
"object":"/designs/processador_6_instrucoes/instances_seq/my_bloco_operacional_RF_RF_reg[13][11]",
"type":"instance"},

{"sequential":"true",
"gint_phase_inversion":"false",
"latch":"false",
"object":"/designs/processador_6_instrucoes/instances_seq/my_bloco_operacional_RF_RF_reg[13][12]",
"type":"instance"},

{"sequential":"true",
"gint_phase_inversion":"false",
"latch":"false",
"object":"/designs/processador_6_instrucoes/instances_seq/my_bloco_operacional_RF_RF_reg[13][13]",
"type":"instance"},

{"sequential":"true",
"gint_phase_inversion":"false",
"latch":"false",
"object":"/designs/processador_6_instrucoes/instances_seq/my_bloco_operacional_RF_RF_reg[13][14]",
"type":"instance"},

{"sequential":"true",
"gint_phase_inversion":"false",
"latch":"false",
"object":"/designs/processador_6_instrucoes/instances_seq/my_bloco_operacional_RF_RF_reg[13][15]",
"type":"instance"},

{"sequential":"true",
"gint_phase_inversion":"false",
"latch":"false",
"object":"/designs/processador_6_instrucoes/instances_seq/my_bloco_operacional_RF_RF_reg[14][0]",
"type":"instance"},

{"sequential":"true",
"gint_phase_inversion":"false",
"latch":"false",
"object":"/designs/processador_6_instrucoes/instances_seq/my_bloco_operacional_RF_RF_reg[14][1]",
"type":"instance"},

{"sequential":"true",
"gint_phase_inversion":"false",
"latch":"false",
"object":"/designs/processador_6_instrucoes/instances_seq/my_bloco_operacional_RF_RF_reg[14][2]",
"type":"instance"},

{"sequential":"true",
"gint_phase_inversion":"false",
"latch":"false",
"object":"/designs/processador_6_instrucoes/instances_seq/my_bloco_operacional_RF_RF_reg[14][3]",
"type":"instance"},

{"sequential":"true",
"gint_phase_inversion":"false",
"latch":"false",
"object":"/designs/processador_6_instrucoes/instances_seq/my_bloco_operacional_RF_RF_reg[14][4]",
"type":"instance"},

{"sequential":"true",
"gint_phase_inversion":"false",
"latch":"false",
"object":"/designs/processador_6_instrucoes/instances_seq/my_bloco_operacional_RF_RF_reg[14][5]",
"type":"instance"},

{"sequential":"true",
"gint_phase_inversion":"false",
"latch":"false",
"object":"/designs/processador_6_instrucoes/instances_seq/my_bloco_operacional_RF_RF_reg[14][6]",
"type":"instance"},

{"sequential":"true",
"gint_phase_inversion":"false",
"latch":"false",
"object":"/designs/processador_6_instrucoes/instances_seq/my_bloco_operacional_RF_RF_reg[14][7]",
"type":"instance"},

{"sequential":"true",
"gint_phase_inversion":"false",
"latch":"false",
"object":"/designs/processador_6_instrucoes/instances_seq/my_bloco_operacional_RF_RF_reg[14][8]",
"type":"instance"},

{"sequential":"true",
"gint_phase_inversion":"false",
"latch":"false",
"object":"/designs/processador_6_instrucoes/instances_seq/my_bloco_operacional_RF_RF_reg[14][9]",
"type":"instance"},

{"sequential":"true",
"gint_phase_inversion":"false",
"latch":"false",
"object":"/designs/processador_6_instrucoes/instances_seq/my_bloco_operacional_RF_RF_reg[14][10]",
"type":"instance"},

{"sequential":"true",
"gint_phase_inversion":"false",
"latch":"false",
"object":"/designs/processador_6_instrucoes/instances_seq/my_bloco_operacional_RF_RF_reg[14][11]",
"type":"instance"},

{"sequential":"true",
"gint_phase_inversion":"false",
"latch":"false",
"object":"/designs/processador_6_instrucoes/instances_seq/my_bloco_operacional_RF_RF_reg[14][12]",
"type":"instance"},

{"sequential":"true",
"gint_phase_inversion":"false",
"latch":"false",
"object":"/designs/processador_6_instrucoes/instances_seq/my_bloco_operacional_RF_RF_reg[14][13]",
"type":"instance"},

{"sequential":"true",
"gint_phase_inversion":"false",
"latch":"false",
"object":"/designs/processador_6_instrucoes/instances_seq/my_bloco_operacional_RF_RF_reg[14][14]",
"type":"instance"},

{"sequential":"true",
"gint_phase_inversion":"false",
"latch":"false",
"object":"/designs/processador_6_instrucoes/instances_seq/my_bloco_operacional_RF_RF_reg[14][15]",
"type":"instance"},

{"sequential":"true",
"gint_phase_inversion":"false",
"latch":"false",
"object":"/designs/processador_6_instrucoes/instances_seq/my_bloco_operacional_RF_RF_reg[15][0]",
"type":"instance"},

{"sequential":"true",
"gint_phase_inversion":"false",
"latch":"false",
"object":"/designs/processador_6_instrucoes/instances_seq/my_bloco_operacional_RF_RF_reg[15][1]",
"type":"instance"},

{"sequential":"true",
"gint_phase_inversion":"false",
"latch":"false",
"object":"/designs/processador_6_instrucoes/instances_seq/my_bloco_operacional_RF_RF_reg[15][2]",
"type":"instance"},

{"sequential":"true",
"gint_phase_inversion":"false",
"latch":"false",
"object":"/designs/processador_6_instrucoes/instances_seq/my_bloco_operacional_RF_RF_reg[15][3]",
"type":"instance"},

{"sequential":"true",
"gint_phase_inversion":"false",
"latch":"false",
"object":"/designs/processador_6_instrucoes/instances_seq/my_bloco_operacional_RF_RF_reg[15][4]",
"type":"instance"},

{"sequential":"true",
"gint_phase_inversion":"false",
"latch":"false",
"object":"/designs/processador_6_instrucoes/instances_seq/my_bloco_operacional_RF_RF_reg[15][5]",
"type":"instance"},

{"sequential":"true",
"gint_phase_inversion":"false",
"latch":"false",
"object":"/designs/processador_6_instrucoes/instances_seq/my_bloco_operacional_RF_RF_reg[15][6]",
"type":"instance"},

{"sequential":"true",
"gint_phase_inversion":"false",
"latch":"false",
"object":"/designs/processador_6_instrucoes/instances_seq/my_bloco_operacional_RF_RF_reg[15][7]",
"type":"instance"},

{"sequential":"true",
"gint_phase_inversion":"false",
"latch":"false",
"object":"/designs/processador_6_instrucoes/instances_seq/my_bloco_operacional_RF_RF_reg[15][8]",
"type":"instance"},

{"sequential":"true",
"gint_phase_inversion":"false",
"latch":"false",
"object":"/designs/processador_6_instrucoes/instances_seq/my_bloco_operacional_RF_RF_reg[15][9]",
"type":"instance"},

{"sequential":"true",
"gint_phase_inversion":"false",
"latch":"false",
"object":"/designs/processador_6_instrucoes/instances_seq/my_bloco_operacional_RF_RF_reg[15][10]",
"type":"instance"},

{"sequential":"true",
"gint_phase_inversion":"false",
"latch":"false",
"object":"/designs/processador_6_instrucoes/instances_seq/my_bloco_operacional_RF_RF_reg[15][11]",
"type":"instance"},

{"sequential":"true",
"gint_phase_inversion":"false",
"latch":"false",
"object":"/designs/processador_6_instrucoes/instances_seq/my_bloco_operacional_RF_RF_reg[15][12]",
"type":"instance"},

{"sequential":"true",
"gint_phase_inversion":"false",
"latch":"false",
"object":"/designs/processador_6_instrucoes/instances_seq/my_bloco_operacional_RF_RF_reg[15][13]",
"type":"instance"},

{"sequential":"true",
"gint_phase_inversion":"false",
"latch":"false",
"object":"/designs/processador_6_instrucoes/instances_seq/my_bloco_operacional_RF_RF_reg[15][14]",
"type":"instance"},

{"sequential":"true",
"gint_phase_inversion":"false",
"latch":"false",
"object":"/designs/processador_6_instrucoes/instances_seq/my_bloco_operacional_RF_RF_reg[15][15]",
"type":"instance"},

{"sequential":"true",
"gint_phase_inversion":"false",
"latch":"false",
"object":"/designs/processador_6_instrucoes/instances_seq/bloco_controle_U0_state_reg[0]",
"type":"instance"},

{"sequential":"true",
"gint_phase_inversion":"false",
"latch":"false",
"object":"/designs/processador_6_instrucoes/instances_seq/bloco_controle_U1_PC_val_reg[13]",
"type":"instance"},

{"sequential":"true",
"gint_phase_inversion":"false",
"latch":"false",
"object":"/designs/processador_6_instrucoes/instances_seq/bloco_controle_U1_PC_val_reg[14]",
"type":"instance"},

{"sequential":"true",
"gint_phase_inversion":"false",
"latch":"false",
"object":"/designs/processador_6_instrucoes/instances_seq/bloco_controle_U2_data_out_reg[8]",
"type":"instance"},

{"index": "1", 
 "date": "Sat Apr 16 12:38:51 BRT 2022",
 "seconds": 1650123531.959509,
 "netlist": "fv/processador_6_instrucoes/fv_map.v.gz", 
 "design_name": "processador_6_instrucoes", 
 "synth_workdir": "/home/alunos/Desktop/FELIPE_SOBRINHO/PCID/PF/logic_synt", 
 "synthesis_command":"",
 "current_label": "fv_map", 
 "previous_label": "rtl", 
 "do_read_design_revised": "{read_design -verilog95  -revised -lastmod -noelab -unzip fv/processador_6_instrucoes/fv_map.v.gz} {elaborate_design -revised -root {processador_6_instrucoes}}", 
 "do_setup": "report_design_data report_black_box {uniquify -all -nolib -golden} {set_flatten_model -seq_constant} {set_flatten_model -seq_constant_x_to 0} {set_flatten_model -nodff_to_dlat_zero} {set_flatten_model -nodff_to_dlat_feedback} {#add_name_alias fv/processador_6_instrucoes/fv_map.singlebit.original_name.alias.json.gz -revised} {#set_mapping_method -alias -revised} {#add_renaming_rule r1alias _reg((\\\\\\[%w\\\\\\])*(/U\\\\\\$%d)*)$ @1 -type dff -both} {set_analyze_option -auto}", 
 "do_dft": "", 
 "do_compare": "{WRITE_HIER -noexact_pin_match -constraint -usage -replace -balanced_extraction -input_output_pin_equivalence -prepend_string \" analyze_datapath -module -verbose ; analyze_datapath -share -verbose; \"} {RUN_HIER -dynamic_hierarchy}", 
 "do_reports": "", 
 "write_verif_file_runtime": 0.491704 
 }
]
